asset_id,canonical_site_id,canonical_slug,name_ar,slot,local_filename,sha256,mime_type,file_size_bytes,creator,copyright_holder,source_url,creation_or_capture_date,licence,permission_evidence_file,attribution_text_ar,allowed_use,territory,expiry_date,people_consent,private_property_consent,sensitive_location_review,derivative_edits,review_status,reviewer,review_date,rejection_or_hold_reason
,site-4aeec5656d1d,lmsjd-l-qs-lmbrk-lhrm-lqdsy-lshryf-4aeec5,المسجد الأقصى المبارك / الحرم القدسي الشريف,hero,,,,,,,,,,,,,,,,,,,pending,,,
,site-4aeec5656d1d,lmsjd-l-qs-lmbrk-lhrm-lqdsy-lshryf-4aeec5,المسجد الأقصى المبارك / الحرم القدسي الشريف,gallery,,,,,,,,,,,,,,,,,,,pending,,,
,site-4aeec5656d1d,lmsjd-l-qs-lmbrk-lhrm-lqdsy-lshryf-4aeec5,المسجد الأقصى المبارك / الحرم القدسي الشريف,map,,,,,,,,,,,,,,,,,,,pending,,,
,site-4aeec5656d1d,lmsjd-l-qs-lmbrk-lhrm-lqdsy-lshryf-4aeec5,المسجد الأقصى المبارك / الحرم القدسي الشريف,document_thumbnail,,,,,,,,,,,,,,,,,,,pending,,,
,site-f9df0c7e708c,bld-slwn-f9df0c,بلدة سلوان,hero,,,,,,,,,,,,,,,,,,,pending,,,
,site-f9df0c7e708c,bld-slwn-f9df0c,بلدة سلوان,gallery,,,,,,,,,,,,,,,,,,,pending,,,
,site-f9df0c7e708c,bld-slwn-f9df0c,بلدة سلوان,map,,,,,,,,,,,,,,,,,,,pending,,,
,site-f9df0c7e708c,bld-slwn-f9df0c,بلدة سلوان,document_thumbnail,,,,,,,,,,,,,,,,,,,pending,,,
,site-f9067873c322,hy-t-lbrq-f90678,حائط البراق,hero,,,,,,,,,,,,,,,,,,,pending,,,
,site-f9067873c322,hy-t-lbrq-f90678,حائط البراق,gallery,,,,,,,,,,,,,,,,,,,pending,,,
,site-f9067873c322,hy-t-lbrq-f90678,حائط البراق,map,,,,,,,,,,,,,,,,,,,pending,,,
,site-f9067873c322,hy-t-lbrq-f90678,حائط البراق,document_thumbnail,,,,,,,,,,,,,,,,,,,pending,,,
,site-9b42bff63df0,khn-ljwbr-9b42bf,خان الجوابرة,hero,,,,,,,,,,,,,,,,,,,pending,,,
,site-9b42bff63df0,khn-ljwbr-9b42bf,خان الجوابرة,gallery,,,,,,,,,,,,,,,,,,,pending,,,
,site-9b42bff63df0,khn-ljwbr-9b42bf,خان الجوابرة,map,,,,,,,,,,,,,,,,,,,pending,,,
,site-9b42bff63df0,khn-ljwbr-9b42bf,خان الجوابرة,document_thumbnail,,,,,,,,,,,,,,,,,,,pending,,,
,site-4bbdf07d8d66,swq-lqtnyn-4bbdf0,سوق القطانين,hero,,,,,,,,,,,,,,,,,,,pending,,,
,site-4bbdf07d8d66,swq-lqtnyn-4bbdf0,سوق القطانين,gallery,,,,,,,,,,,,,,,,,,,pending,,,
,site-4bbdf07d8d66,swq-lqtnyn-4bbdf0,سوق القطانين,map,,,,,,,,,,,,,,,,,,,pending,,,
,site-4bbdf07d8d66,swq-lqtnyn-4bbdf0,سوق القطانين,document_thumbnail,,,,,,,,,,,,,,,,,,,pending,,,
,site-8d297f3c37a9,qbr-lsyd-mrym-mgr-ljsmny-8d297f,قبر السيدة مريم (مغارة الجسمانية),hero,,,,,,,,,,,,,,,,,,,pending,,,
,site-8d297f3c37a9,qbr-lsyd-mrym-mgr-ljsmny-8d297f,قبر السيدة مريم (مغارة الجسمانية),gallery,,,,,,,,,,,,,,,,,,,pending,,,
,site-8d297f3c37a9,qbr-lsyd-mrym-mgr-ljsmny-8d297f,قبر السيدة مريم (مغارة الجسمانية),map,,,,,,,,,,,,,,,,,,,pending,,,
,site-8d297f3c37a9,qbr-lsyd-mrym-mgr-ljsmny-8d297f,قبر السيدة مريم (مغارة الجسمانية),document_thumbnail,,,,,,,,,,,,,,,,,,,pending,,,
,site-f7553f79288f,qswr-lmmlyk-shr-lwd-f7553f,قصور المماليك (شارع الواد),hero,,,,,,,,,,,,,,,,,,,pending,,,
,site-f7553f79288f,qswr-lmmlyk-shr-lwd-f7553f,قصور المماليك (شارع الواد),gallery,,,,,,,,,,,,,,,,,,,pending,,,
,site-f7553f79288f,qswr-lmmlyk-shr-lwd-f7553f,قصور المماليك (شارع الواد),map,,,,,,,,,,,,,,,,,,,pending,,,
,site-f7553f79288f,qswr-lmmlyk-shr-lwd-f7553f,قصور المماليك (شارع الواد),document_thumbnail,,,,,,,,,,,,,,,,,,,pending,,,
,site-83d3025c4675,ql-lqds-brj-dwd-83d302,قلعة القدس (برج داود),hero,,,,,,,,,,,,,,,,,,,pending,,,
,site-83d3025c4675,ql-lqds-brj-dwd-83d302,قلعة القدس (برج داود),gallery,,,,,,,,,,,,,,,,,,,pending,,,
,site-83d3025c4675,ql-lqds-brj-dwd-83d302,قلعة القدس (برج داود),map,,,,,,,,,,,,,,,,,,,pending,,,
,site-83d3025c4675,ql-lqds-brj-dwd-83d302,قلعة القدس (برج داود),document_thumbnail,,,,,,,,,,,,,,,,,,,pending,,,
,site-431ed266867b,knys-lqym-431ed2,كنيسة القيامة,hero,,,,,,,,,,,,,,,,,,,pending,,,
,site-431ed266867b,knys-lqym-431ed2,كنيسة القيامة,gallery,,,,,,,,,,,,,,,,,,,pending,,,
,site-431ed266867b,knys-lqym-431ed2,كنيسة القيامة,map,,,,,,,,,,,,,,,,,,,pending,,,
,site-431ed266867b,knys-lqym-431ed2,كنيسة القيامة,document_thumbnail,,,,,,,,,,,,,,,,,,,pending,,,
,site-3a3d3669f0ba,mqm-lnby-dwwd-jbl-shywn-3a3d36,مقام النبي داوود (جبل صهيون),hero,,,,,,,,,,,,,,,,,,,pending,,,
,site-3a3d3669f0ba,mqm-lnby-dwwd-jbl-shywn-3a3d36,مقام النبي داوود (جبل صهيون),gallery,,,,,,,,,,,,,,,,,,,pending,,,
,site-3a3d3669f0ba,mqm-lnby-dwwd-jbl-shywn-3a3d36,مقام النبي داوود (جبل صهيون),map,,,,,,,,,,,,,,,,,,,pending,,,
,site-3a3d3669f0ba,mqm-lnby-dwwd-jbl-shywn-3a3d36,مقام النبي داوود (جبل صهيون),document_thumbnail,,,,,,,,,,,,,,,,,,,pending,,,
,site-899e38be070d,lhrm-lbrhymy-899e38,الحرم الإبراهيمي,hero,,,,,,,,,,,,,,,,,,,pending,,,
,site-899e38be070d,lhrm-lbrhymy-899e38,الحرم الإبراهيمي,gallery,,,,,,,,,,,,,,,,,,,pending,,,
,site-899e38be070d,lhrm-lbrhymy-899e38,الحرم الإبراهيمي,map,,,,,,,,,,,,,,,,,,,pending,,,
,site-899e38be070d,lhrm-lbrhymy-899e38,الحرم الإبراهيمي,document_thumbnail,,,,,,,,,,,,,,,,,,,pending,,,
,site-6b6c5a396756,bld-lkhlyl-lqdym-6b6c5a,بلدة الخليل القديمة,hero,,,,,,,,,,,,,,,,,,,pending,,,
,site-6b6c5a396756,bld-lkhlyl-lqdym-6b6c5a,بلدة الخليل القديمة,gallery,,,,,,,,,,,,,,,,,,,pending,,,
,site-6b6c5a396756,bld-lkhlyl-lqdym-6b6c5a,بلدة الخليل القديمة,map,,,,,,,,,,,,,,,,,,,pending,,,
,site-6b6c5a396756,bld-lkhlyl-lqdym-6b6c5a,بلدة الخليل القديمة,document_thumbnail,,,,,,,,,,,,,,,,,,,pending,,,
,site-f60be7cd7d5e,byt-mr-khrb-lnby-mt-f60be7,بيت أمر,hero,,,,,,,,,,,,,,,,,,,pending,,,
,site-f60be7cd7d5e,byt-mr-khrb-lnby-mt-f60be7,بيت أمر,gallery,,,,,,,,,,,,,,,,,,,pending,,,
,site-f60be7cd7d5e,byt-mr-khrb-lnby-mt-f60be7,بيت أمر,map,,,,,,,,,,,,,,,,,,,pending,,,
,site-f60be7cd7d5e,byt-mr-khrb-lnby-mt-f60be7,بيت أمر,document_thumbnail,,,,,,,,,,,,,,,,,,,pending,,,
,site-63c0ba59c24e,tl-lrmyd-63c0ba,تل الرميدة,hero,,,,,,,,,,,,,,,,,,,pending,,,
,site-63c0ba59c24e,tl-lrmyd-63c0ba,تل الرميدة,gallery,,,,,,,,,,,,,,,,,,,pending,,,
,site-63c0ba59c24e,tl-lrmyd-63c0ba,تل الرميدة,map,,,,,,,,,,,,,,,,,,,pending,,,
,site-63c0ba59c24e,tl-lrmyd-63c0ba,تل الرميدة,document_thumbnail,,,,,,,,,,,,,,,,,,,pending,,,
,site-cd3be04163b6,hlhwl-mqm-lnby-ywns-cd3be0,حلحول (مقام النبي يونس),hero,,,,,,,,,,,,,,,,,,,pending,,,
,site-cd3be04163b6,hlhwl-mqm-lnby-ywns-cd3be0,حلحول (مقام النبي يونس),gallery,,,,,,,,,,,,,,,,,,,pending,,,
,site-cd3be04163b6,hlhwl-mqm-lnby-ywns-cd3be0,حلحول (مقام النبي يونس),map,,,,,,,,,,,,,,,,,,,pending,,,
,site-cd3be04163b6,hlhwl-mqm-lnby-ywns-cd3be0,حلحول (مقام النبي يونس),document_thumbnail,,,,,,,,,,,,,,,,,,,pending,,,
,site-2310c1600481,khn-lhtb-2310c1,خان الحطب,hero,,,,,,,,,,,,,,,,,,,pending,,,
,site-2310c1600481,khn-lhtb-2310c1,خان الحطب,gallery,,,,,,,,,,,,,,,,,,,pending,,,
,site-2310c1600481,khn-lhtb-2310c1,خان الحطب,map,,,,,,,,,,,,,,,,,,,pending,,,
,site-2310c1600481,khn-lhtb-2310c1,خان الحطب,document_thumbnail,,,,,,,,,,,,,,,,,,,pending,,,
,site-c9ac723c0271,khrb-lnby-nwh-c9ac72,خربة النبي نوح,hero,,,,,,,,,,,,,,,,,,,pending,,,
,site-c9ac723c0271,khrb-lnby-nwh-c9ac72,خربة النبي نوح,gallery,,,,,,,,,,,,,,,,,,,pending,,,
,site-c9ac723c0271,khrb-lnby-nwh-c9ac72,خربة النبي نوح,map,,,,,,,,,,,,,,,,,,,pending,,,
,site-c9ac723c0271,khrb-lnby-nwh-c9ac72,خربة النبي نوح,document_thumbnail,,,,,,,,,,,,,,,,,,,pending,,,
,site-6162b1da6edc,yn-sr-6162b1,عين سارة,hero,,,,,,,,,,,,,,,,,,,pending,,,
,site-6162b1da6edc,yn-sr-6162b1,عين سارة,gallery,,,,,,,,,,,,,,,,,,,pending,,,
,site-6162b1da6edc,yn-sr-6162b1,عين سارة,map,,,,,,,,,,,,,,,,,,,pending,,,
,site-6162b1da6edc,yn-sr-6162b1,عين سارة,document_thumbnail,,,,,,,,,,,,,,,,,,,pending,,,
,site-d2c9e9bc9652,ql-lkrml-dyr-smt-d2c9e9,قلعة الكرمل (دير سامت),hero,,,,,,,,,,,,,,,,,,,pending,,,
,site-d2c9e9bc9652,ql-lkrml-dyr-smt-d2c9e9,قلعة الكرمل (دير سامت),gallery,,,,,,,,,,,,,,,,,,,pending,,,
,site-d2c9e9bc9652,ql-lkrml-dyr-smt-d2c9e9,قلعة الكرمل (دير سامت),map,,,,,,,,,,,,,,,,,,,pending,,,
,site-d2c9e9bc9652,ql-lkrml-dyr-smt-d2c9e9,قلعة الكرمل (دير سامت),document_thumbnail,,,,,,,,,,,,,,,,,,,pending,,,
,site-0dc57168d963,mgr-lbtrk-jz-mn-lhrm-0dc571,مغارة البطاركة (جزء من الحرم),hero,,,,,,,,,,,,,,,,,,,pending,,,
,site-0dc57168d963,mgr-lbtrk-jz-mn-lhrm-0dc571,مغارة البطاركة (جزء من الحرم),gallery,,,,,,,,,,,,,,,,,,,pending,,,
,site-0dc57168d963,mgr-lbtrk-jz-mn-lhrm-0dc571,مغارة البطاركة (جزء من الحرم),map,,,,,,,,,,,,,,,,,,,pending,,,
,site-0dc57168d963,mgr-lbtrk-jz-mn-lhrm-0dc571,مغارة البطاركة (جزء من الحرم),document_thumbnail,,,,,,,,,,,,,,,,,,,pending,,,
,site-7532d020842e,mqm-lshykh-ly-lbk-7532d0,مقام الشيخ علي البكاء,hero,,,,,,,,,,,,,,,,,,,pending,,,
,site-7532d020842e,mqm-lshykh-ly-lbk-7532d0,مقام الشيخ علي البكاء,gallery,,,,,,,,,,,,,,,,,,,pending,,,
,site-7532d020842e,mqm-lshykh-ly-lbk-7532d0,مقام الشيخ علي البكاء,map,,,,,,,,,,,,,,,,,,,pending,,,
,site-7532d020842e,mqm-lshykh-ly-lbk-7532d0,مقام الشيخ علي البكاء,document_thumbnail,,,,,,,,,,,,,,,,,,,pending,,,
,site-37c8be50ce73,brk-slymn-37c8be,برك سليمان,hero,,,,,,,,,,,,,,,,,,,pending,,,
,site-37c8be50ce73,brk-slymn-37c8be,برك سليمان,gallery,,,,,,,,,,,,,,,,,,,pending,,,
,site-37c8be50ce73,brk-slymn-37c8be,برك سليمان,map,,,,,,,,,,,,,,,,,,,pending,,,
,site-37c8be50ce73,brk-slymn-37c8be,برك سليمان,document_thumbnail,,,,,,,,,,,,,,,,,,,pending,,,
,site-f97aa993c98b,dyr-ljn-lkhdr-f97aa9,دير الجنة (الخضر),hero,,,,,,,,,,,,,,,,,,,pending,,,
,site-f97aa993c98b,dyr-ljn-lkhdr-f97aa9,دير الجنة (الخضر),gallery,,,,,,,,,,,,,,,,,,,pending,,,
,site-f97aa993c98b,dyr-ljn-lkhdr-f97aa9,دير الجنة (الخضر),map,,,,,,,,,,,,,,,,,,,pending,,,
,site-f97aa993c98b,dyr-ljn-lkhdr-f97aa9,دير الجنة (الخضر),document_thumbnail,,,,,,,,,,,,,,,,,,,pending,,,
,site-a8aeb054b451,dyr-mr-sb-a8aeb0,دير مار سابا,hero,,,,,,,,,,,,,,,,,,,pending,,,
,site-a8aeb054b451,dyr-mr-sb-a8aeb0,دير مار سابا,gallery,,,,,,,,,,,,,,,,,,,pending,,,
,site-a8aeb054b451,dyr-mr-sb-a8aeb0,دير مار سابا,map,,,,,,,,,,,,,,,,,,,pending,,,
,site-a8aeb054b451,dyr-mr-sb-a8aeb0,دير مار سابا,document_thumbnail,,,,,,,,,,,,,,,,,,,pending,,,
,site-88fede7b6df0,qry-btyr-88fede,قرية بتير,hero,,,,,,,,,,,,,,,,,,,pending,,,
,site-88fede7b6df0,qry-btyr-88fede,قرية بتير,gallery,,,,,,,,,,,,,,,,,,,pending,,,
,site-88fede7b6df0,qry-btyr-88fede,قرية بتير,map,,,,,,,,,,,,,,,,,,,pending,,,
,site-88fede7b6df0,qry-btyr-88fede,قرية بتير,document_thumbnail,,,,,,,,,,,,,,,,,,,pending,,,
,site-133155518939,qsr-hyrwdywn-133155,قصر هيروديون,hero,,,,,,,,,,,,,,,,,,,pending,,,
,site-133155518939,qsr-hyrwdywn-133155,قصر هيروديون,gallery,,,,,,,,,,,,,,,,,,,pending,,,
,site-133155518939,qsr-hyrwdywn-133155,قصر هيروديون,map,,,,,,,,,,,,,,,,,,,pending,,,
,site-133155518939,qsr-hyrwdywn-133155,قصر هيروديون,document_thumbnail,,,,,,,,,,,,,,,,,,,pending,,,
,site-63fe9eba7871,ql-lbrk-63fe9e,قلعة البرك,hero,,,,,,,,,,,,,,,,,,,pending,,,
,site-63fe9eba7871,ql-lbrk-63fe9e,قلعة البرك,gallery,,,,,,,,,,,,,,,,,,,pending,,,
,site-63fe9eba7871,ql-lbrk-63fe9e,قلعة البرك,map,,,,,,,,,,,,,,,,,,,pending,,,
,site-63fe9eba7871,ql-lbrk-63fe9e,قلعة البرك,document_thumbnail,,,,,,,,,,,,,,,,,,,pending,,,
,site-4b15f14c306f,knys-lmhd-4b15f1,كنيسة المهد,hero,,,,,,,,,,,,,,,,,,,pending,,,
,site-4b15f14c306f,knys-lmhd-4b15f1,كنيسة المهد,gallery,,,,,,,,,,,,,,,,,,,pending,,,
,site-4b15f14c306f,knys-lmhd-4b15f1,كنيسة المهد,map,,,,,,,,,,,,,,,,,,,pending,,,
,site-4b15f14c306f,knys-lmhd-4b15f1,كنيسة المهد,document_thumbnail,,,,,,,,,,,,,,,,,,,pending,,,
,site-57adc62d6d70,mgr-lhlyb-57adc6,مغارة الحليب,hero,,,,,,,,,,,,,,,,,,,pending,,,
,site-57adc62d6d70,mgr-lhlyb-57adc6,مغارة الحليب,gallery,,,,,,,,,,,,,,,,,,,pending,,,
,site-57adc62d6d70,mgr-lhlyb-57adc6,مغارة الحليب,map,,,,,,,,,,,,,,,,,,,pending,,,
,site-57adc62d6d70,mgr-lhlyb-57adc6,مغارة الحليب,document_thumbnail,,,,,,,,,,,,,,,,,,,pending,,,
,site-e2a5c15f76f6,bld-byrzyt-lqdym-e2a5c1,بلدة بيرزيت القديمة,hero,,,,,,,,,,,,,,,,,,,pending,,,
,site-e2a5c15f76f6,bld-byrzyt-lqdym-e2a5c1,بلدة بيرزيت القديمة,gallery,,,,,,,,,,,,,,,,,,,pending,,,
,site-e2a5c15f76f6,bld-byrzyt-lqdym-e2a5c1,بلدة بيرزيت القديمة,map,,,,,,,,,,,,,,,,,,,pending,,,
,site-e2a5c15f76f6,bld-byrzyt-lqdym-e2a5c1,بلدة بيرزيت القديمة,document_thumbnail,,,,,,,,,,,,,,,,,,,pending,,,
,site-014e4c4e4845,khrb-bwd-014e4c,عابود التاريخية,hero,,,,,,,,,,,,,,,,,,,pending,,,
,site-014e4c4e4845,khrb-bwd-014e4c,عابود التاريخية,gallery,,,,,,,,,,,,,,,,,,,pending,,,
,site-014e4c4e4845,khrb-bwd-014e4c,عابود التاريخية,map,,,,,,,,,,,,,,,,,,,pending,,,
,site-014e4c4e4845,khrb-bwd-014e4c,عابود التاريخية,document_thumbnail,,,,,,,,,,,,,,,,,,,pending,,,
,site-28dd528f5f3a,dyr-mr-28dd52,دير عمار,hero,,,,,,,,,,,,,,,,,,,pending,,,
,site-28dd528f5f3a,dyr-mr-28dd52,دير عمار,gallery,,,,,,,,,,,,,,,,,,,pending,,,
,site-28dd528f5f3a,dyr-mr-28dd52,دير عمار,map,,,,,,,,,,,,,,,,,,,pending,,,
,site-28dd528f5f3a,dyr-mr-28dd52,دير عمار,document_thumbnail,,,,,,,,,,,,,,,,,,,pending,,,
,site-2a3fdab99250,yn-smy-2a3fda,عين سامية,hero,,,,,,,,,,,,,,,,,,,pending,,,
,site-2a3fdab99250,yn-smy-2a3fda,عين سامية,gallery,,,,,,,,,,,,,,,,,,,pending,,,
,site-2a3fdab99250,yn-smy-2a3fda,عين سامية,map,,,,,,,,,,,,,,,,,,,pending,,,
,site-2a3fdab99250,yn-smy-2a3fda,عين سامية,document_thumbnail,,,,,,,,,,,,,,,,,,,pending,,,
,site-78a64ec5ef15,qsr-lryn-78a64e,قصر الريان,hero,,,,,,,,,,,,,,,,,,,pending,,,
,site-78a64ec5ef15,qsr-lryn-78a64e,قصر الريان,gallery,,,,,,,,,,,,,,,,,,,pending,,,
,site-78a64ec5ef15,qsr-lryn-78a64e,قصر الريان,map,,,,,,,,,,,,,,,,,,,pending,,,
,site-78a64ec5ef15,qsr-lryn-78a64e,قصر الريان,document_thumbnail,,,,,,,,,,,,,,,,,,,pending,,,
,site-12fc185d4b0b,mqm-lnby-slh-12fc18,مقام النبي صالح,hero,,,,,,,,,,,,,,,,,,,pending,,,
,site-12fc185d4b0b,mqm-lnby-slh-12fc18,مقام النبي صالح,gallery,,,,,,,,,,,,,,,,,,,pending,,,
,site-12fc185d4b0b,mqm-lnby-slh-12fc18,مقام النبي صالح,map,,,,,,,,,,,,,,,,,,,pending,,,
,site-12fc185d4b0b,mqm-lnby-slh-12fc18,مقام النبي صالح,document_thumbnail,,,,,,,,,,,,,,,,,,,pending,,,
,site-a9ac192e20c3,bld-nbls-lqdym-a9ac19,بلدة نابلس القديمة,hero,,,,,,,,,,,,,,,,,,,pending,,,
,site-a9ac192e20c3,bld-nbls-lqdym-a9ac19,بلدة نابلس القديمة,gallery,,,,,,,,,,,,,,,,,,,pending,,,
,site-a9ac192e20c3,bld-nbls-lqdym-a9ac19,بلدة نابلس القديمة,map,,,,,,,,,,,,,,,,,,,pending,,,
,site-a9ac192e20c3,bld-nbls-lqdym-a9ac19,بلدة نابلس القديمة,document_thumbnail,,,,,,,,,,,,,,,,,,,pending,,,
,site-a429c345ac25,jm-lnsr-a429c3,جامع النصر,hero,,,,,,,,,,,,,,,,,,,pending,,,
,site-a429c345ac25,jm-lnsr-a429c3,جامع النصر,gallery,,,,,,,,,,,,,,,,,,,pending,,,
,site-a429c345ac25,jm-lnsr-a429c3,جامع النصر,map,,,,,,,,,,,,,,,,,,,pending,,,
,site-a429c345ac25,jm-lnsr-a429c3,جامع النصر,document_thumbnail,,,,,,,,,,,,,,,,,,,pending,,,
,site-b6773e683274,jbl-jrzym-b6773e,جبل جرزيم,hero,,,,,,,,,,,,,,,,,,,pending,,,
,site-b6773e683274,jbl-jrzym-b6773e,جبل جرزيم,gallery,,,,,,,,,,,,,,,,,,,pending,,,
,site-b6773e683274,jbl-jrzym-b6773e,جبل جرزيم,map,,,,,,,,,,,,,,,,,,,pending,,,
,site-b6773e683274,jbl-jrzym-b6773e,جبل جرزيم,document_thumbnail,,,,,,,,,,,,,,,,,,,pending,,,
,site-160c60c7b952,hr-lysmyn-160c60,حارة الياسمينة,hero,,,,,,,,,,,,,,,,,,,pending,,,
,site-160c60c7b952,hr-lysmyn-160c60,حارة الياسمينة,gallery,,,,,,,,,,,,,,,,,,,pending,,,
,site-160c60c7b952,hr-lysmyn-160c60,حارة الياسمينة,map,,,,,,,,,,,,,,,,,,,pending,,,
,site-160c60c7b952,hr-lysmyn-160c60,حارة الياسمينة,document_thumbnail,,,,,,,,,,,,,,,,,,,pending,,,
,site-31c7667ff10e,khn-ltjr-31c766,خان التجار,hero,,,,,,,,,,,,,,,,,,,pending,,,
,site-31c7667ff10e,khn-ltjr-31c766,خان التجار,gallery,,,,,,,,,,,,,,,,,,,pending,,,
,site-31c7667ff10e,khn-ltjr-31c766,خان التجار,map,,,,,,,,,,,,,,,,,,,pending,,,
,site-31c7667ff10e,khn-ltjr-31c766,خان التجار,document_thumbnail,,,,,,,,,,,,,,,,,,,pending,,,
,site-6f6afe87f969,sbsty-shmrwn-6f6afe,سبسطية (شمرون),hero,,,,,,,,,,,,,,,,,,,pending,,,
,site-6f6afe87f969,sbsty-shmrwn-6f6afe,سبسطية (شمرون),gallery,,,,,,,,,,,,,,,,,,,pending,,,
,site-6f6afe87f969,sbsty-shmrwn-6f6afe,سبسطية (شمرون),map,,,,,,,,,,,,,,,,,,,pending,,,
,site-6f6afe87f969,sbsty-shmrwn-6f6afe,سبسطية (شمرون),document_thumbnail,,,,,,,,,,,,,,,,,,,pending,,,
,site-d00341226494,mqm-lnby-sh-yb-d00341,مقام النبي شعيب,hero,,,,,,,,,,,,,,,,,,,pending,,,
,site-d00341226494,mqm-lnby-sh-yb-d00341,مقام النبي شعيب,gallery,,,,,,,,,,,,,,,,,,,pending,,,
,site-d00341226494,mqm-lnby-sh-yb-d00341,مقام النبي شعيب,map,,,,,,,,,,,,,,,,,,,pending,,,
,site-d00341226494,mqm-lnby-sh-yb-d00341,مقام النبي شعيب,document_thumbnail,,,,,,,,,,,,,,,,,,,pending,,,
,site-fb9a817ec94a,mqm-lnby-ywsf-blt-fb9a81,مقام النبي يوسف (بلاطة),hero,,,,,,,,,,,,,,,,,,,pending,,,
,site-fb9a817ec94a,mqm-lnby-ywsf-blt-fb9a81,مقام النبي يوسف (بلاطة),gallery,,,,,,,,,,,,,,,,,,,pending,,,
,site-fb9a817ec94a,mqm-lnby-ywsf-blt-fb9a81,مقام النبي يوسف (بلاطة),map,,,,,,,,,,,,,,,,,,,pending,,,
,site-fb9a817ec94a,mqm-lnby-ywsf-blt-fb9a81,مقام النبي يوسف (بلاطة),document_thumbnail,,,,,,,,,,,,,,,,,,,pending,,,
,site-f2a7fbbda5a5,bld-jnyn-lqdym-f2a7fb,بلدة جنين القديمة,hero,,,,,,,,,,,,,,,,,,,pending,,,
,site-f2a7fbbda5a5,bld-jnyn-lqdym-f2a7fb,بلدة جنين القديمة,gallery,,,,,,,,,,,,,,,,,,,pending,,,
,site-f2a7fbbda5a5,bld-jnyn-lqdym-f2a7fb,بلدة جنين القديمة,map,,,,,,,,,,,,,,,,,,,pending,,,
,site-f2a7fbbda5a5,bld-jnyn-lqdym-f2a7fb,بلدة جنين القديمة,document_thumbnail,,,,,,,,,,,,,,,,,,,pending,,,
,site-0ae63f2b6a17,tl-jnyn-0ae63f,تل جنين,hero,,,,,,,,,,,,,,,,,,,pending,,,
,site-0ae63f2b6a17,tl-jnyn-0ae63f,تل جنين,gallery,,,,,,,,,,,,,,,,,,,pending,,,
,site-0ae63f2b6a17,tl-jnyn-0ae63f,تل جنين,map,,,,,,,,,,,,,,,,,,,pending,,,
,site-0ae63f2b6a17,tl-jnyn-0ae63f,تل جنين,document_thumbnail,,,,,,,,,,,,,,,,,,,pending,,,
,site-fe1e2a1605b5,qsr-lkyd-fe1e2a,قصر الكايد,hero,,,,,,,,,,,,,,,,,,,pending,,,
,site-fe1e2a1605b5,qsr-lkyd-fe1e2a,قصر الكايد,gallery,,,,,,,,,,,,,,,,,,,pending,,,
,site-fe1e2a1605b5,qsr-lkyd-fe1e2a,قصر الكايد,map,,,,,,,,,,,,,,,,,,,pending,,,
,site-fe1e2a1605b5,qsr-lkyd-fe1e2a,قصر الكايد,document_thumbnail,,,,,,,,,,,,,,,,,,,pending,,,
,site-2c1f6b6dbd51,knys-brqyn-2c1f6b,كنيسة برقين,hero,,,,,,,,,,,,,,,,,,,pending,,,
,site-2c1f6b6dbd51,knys-brqyn-2c1f6b,كنيسة برقين,gallery,,,,,,,,,,,,,,,,,,,pending,,,
,site-2c1f6b6dbd51,knys-brqyn-2c1f6b,كنيسة برقين,map,,,,,,,,,,,,,,,,,,,pending,,,
,site-2c1f6b6dbd51,knys-brqyn-2c1f6b,كنيسة برقين,document_thumbnail,,,,,,,,,,,,,,,,,,,pending,,,
,site-fc3cde18193c,mqm-lshykh-hsn-fc3cde,مقام الشيخ حسن,hero,,,,,,,,,,,,,,,,,,,pending,,,
,site-fc3cde18193c,mqm-lshykh-hsn-fc3cde,مقام الشيخ حسن,gallery,,,,,,,,,,,,,,,,,,,pending,,,
,site-fc3cde18193c,mqm-lshykh-hsn-fc3cde,مقام الشيخ حسن,map,,,,,,,,,,,,,,,,,,,pending,,,
,site-fc3cde18193c,mqm-lshykh-hsn-fc3cde,مقام الشيخ حسن,document_thumbnail,,,,,,,,,,,,,,,,,,,pending,,,
,site-a28891855f38,bld-dyr-lgswn-a28891,بلدة دير الغصون,hero,,,,,,,,,,,,,,,,,,,pending,,,
,site-a28891855f38,bld-dyr-lgswn-a28891,بلدة دير الغصون,gallery,,,,,,,,,,,,,,,,,,,pending,,,
,site-a28891855f38,bld-dyr-lgswn-a28891,بلدة دير الغصون,map,,,,,,,,,,,,,,,,,,,pending,,,
,site-a28891855f38,bld-dyr-lgswn-a28891,بلدة دير الغصون,document_thumbnail,,,,,,,,,,,,,,,,,,,pending,,,
,site-7a4bd929848c,khrb-brj-l-bd-7a4bd9,خربة برج العبد,hero,,,,,,,,,,,,,,,,,,,pending,,,
,site-7a4bd929848c,khrb-brj-l-bd-7a4bd9,خربة برج العبد,gallery,,,,,,,,,,,,,,,,,,,pending,,,
,site-7a4bd929848c,khrb-brj-l-bd-7a4bd9,خربة برج العبد,map,,,,,,,,,,,,,,,,,,,pending,,,
,site-7a4bd929848c,khrb-brj-l-bd-7a4bd9,خربة برج العبد,document_thumbnail,,,,,,,,,,,,,,,,,,,pending,,,
,site-0c0a379f20f7,khrb-jb-0c0a37,خربة جبع,hero,,,,,,,,,,,,,,,,,,,pending,,,
,site-0c0a379f20f7,khrb-jb-0c0a37,خربة جبع,gallery,,,,,,,,,,,,,,,,,,,pending,,,
,site-0c0a379f20f7,khrb-jb-0c0a37,خربة جبع,map,,,,,,,,,,,,,,,,,,,pending,,,
,site-0c0a379f20f7,khrb-jb-0c0a37,خربة جبع,document_thumbnail,,,,,,,,,,,,,,,,,,,pending,,,
,site-be1c2ce90997,mdyn-twlkrm-ltrykhy-be1c2c,مدينة طولكرم التاريخية,hero,,,,,,,,,,,,,,,,,,,pending,,,
,site-be1c2ce90997,mdyn-twlkrm-ltrykhy-be1c2c,مدينة طولكرم التاريخية,gallery,,,,,,,,,,,,,,,,,,,pending,,,
,site-be1c2ce90997,mdyn-twlkrm-ltrykhy-be1c2c,مدينة طولكرم التاريخية,map,,,,,,,,,,,,,,,,,,,pending,,,
,site-be1c2ce90997,mdyn-twlkrm-ltrykhy-be1c2c,مدينة طولكرم التاريخية,document_thumbnail,,,,,,,,,,,,,,,,,,,pending,,,
,site-95d241c30366,mqm-lshykh-shltwt-95d241,مقام الشيخ شلتوت,hero,,,,,,,,,,,,,,,,,,,pending,,,
,site-95d241c30366,mqm-lshykh-shltwt-95d241,مقام الشيخ شلتوت,gallery,,,,,,,,,,,,,,,,,,,pending,,,
,site-95d241c30366,mqm-lshykh-shltwt-95d241,مقام الشيخ شلتوت,map,,,,,,,,,,,,,,,,,,,pending,,,
,site-95d241c30366,mqm-lshykh-shltwt-95d241,مقام الشيخ شلتوت,document_thumbnail,,,,,,,,,,,,,,,,,,,pending,,,
,site-02cb039fe1eb,khrb-zwn-02cb03,خربة عزون,hero,,,,,,,,,,,,,,,,,,,pending,,,
,site-02cb039fe1eb,khrb-zwn-02cb03,خربة عزون,gallery,,,,,,,,,,,,,,,,,,,pending,,,
,site-02cb039fe1eb,khrb-zwn-02cb03,خربة عزون,map,,,,,,,,,,,,,,,,,,,pending,,,
,site-02cb039fe1eb,khrb-zwn-02cb03,خربة عزون,document_thumbnail,,,,,,,,,,,,,,,,,,,pending,,,
,site-3ab4c5b64173,khrb-qlqyly-lqdym-3ab4c5,خربة قلقيلية القديمة,hero,,,,,,,,,,,,,,,,,,,pending,,,
,site-3ab4c5b64173,khrb-qlqyly-lqdym-3ab4c5,خربة قلقيلية القديمة,gallery,,,,,,,,,,,,,,,,,,,pending,,,
,site-3ab4c5b64173,khrb-qlqyly-lqdym-3ab4c5,خربة قلقيلية القديمة,map,,,,,,,,,,,,,,,,,,,pending,,,
,site-3ab4c5b64173,khrb-qlqyly-lqdym-3ab4c5,خربة قلقيلية القديمة,document_thumbnail,,,,,,,,,,,,,,,,,,,pending,,,
,site-a33c0a4f64fa,mqm-lnby-ymyn-a33c0a,مقام النبي يامين,hero,,,,,,,,,,,,,,,,,,,pending,,,
,site-a33c0a4f64fa,mqm-lnby-ymyn-a33c0a,مقام النبي يامين,gallery,,,,,,,,,,,,,,,,,,,pending,,,
,site-a33c0a4f64fa,mqm-lnby-ymyn-a33c0a,مقام النبي يامين,map,,,,,,,,,,,,,,,,,,,pending,,,
,site-a33c0a4f64fa,mqm-lnby-ymyn-a33c0a,مقام النبي يامين,document_thumbnail,,,,,,,,,,,,,,,,,,,pending,,,
,site-69f3ad775733,khrb-dyr-sty-69f3ad,بلدة دير استيا التاريخية,hero,,,,,,,,,,,,,,,,,,,pending,,,
,site-69f3ad775733,khrb-dyr-sty-69f3ad,بلدة دير استيا التاريخية,gallery,,,,,,,,,,,,,,,,,,,pending,,,
,site-69f3ad775733,khrb-dyr-sty-69f3ad,بلدة دير استيا التاريخية,map,,,,,,,,,,,,,,,,,,,pending,,,
,site-69f3ad775733,khrb-dyr-sty-69f3ad,بلدة دير استيا التاريخية,document_thumbnail,,,,,,,,,,,,,,,,,,,pending,,,
,site-ba91049d51a9,ywn-lm-l-thry-ba9104,عيون الماء الأثرية,hero,,,,,,,,,,,,,,,,,,,pending,,,
,site-ba91049d51a9,ywn-lm-l-thry-ba9104,عيون الماء الأثرية,gallery,,,,,,,,,,,,,,,,,,,pending,,,
,site-ba91049d51a9,ywn-lm-l-thry-ba9104,عيون الماء الأثرية,map,,,,,,,,,,,,,,,,,,,pending,,,
,site-ba91049d51a9,ywn-lm-l-thry-ba9104,عيون الماء الأثرية,document_thumbnail,,,,,,,,,,,,,,,,,,,pending,,,
,site-b2a7e03ecda1,ql-kfl-hrs-b2a7e0,قلعة كفل حارس,hero,,,,,,,,,,,,,,,,,,,pending,,,
,site-b2a7e03ecda1,ql-kfl-hrs-b2a7e0,قلعة كفل حارس,gallery,,,,,,,,,,,,,,,,,,,pending,,,
,site-b2a7e03ecda1,ql-kfl-hrs-b2a7e0,قلعة كفل حارس,map,,,,,,,,,,,,,,,,,,,pending,,,
,site-b2a7e03ecda1,ql-kfl-hrs-b2a7e0,قلعة كفل حارس,document_thumbnail,,,,,,,,,,,,,,,,,,,pending,,,
,site-c6731a990917,tl-lfr-lmdyn-lkn-ny-c6731a,تل الفارعة (المدينة الكنعانية),hero,,,,,,,,,,,,,,,,,,,pending,,,
,site-c6731a990917,tl-lfr-lmdyn-lkn-ny-c6731a,تل الفارعة (المدينة الكنعانية),gallery,,,,,,,,,,,,,,,,,,,pending,,,
,site-c6731a990917,tl-lfr-lmdyn-lkn-ny-c6731a,تل الفارعة (المدينة الكنعانية),map,,,,,,,,,,,,,,,,,,,pending,,,
,site-c6731a990917,tl-lfr-lmdyn-lkn-ny-c6731a,تل الفارعة (المدينة الكنعانية),document_thumbnail,,,,,,,,,,,,,,,,,,,pending,,,
,site-4ab7d2100cc2,khrb-twbs-lqdym-4ab7d2,خربة طوباس القديمة,hero,,,,,,,,,,,,,,,,,,,pending,,,
,site-4ab7d2100cc2,khrb-twbs-lqdym-4ab7d2,خربة طوباس القديمة,gallery,,,,,,,,,,,,,,,,,,,pending,,,
,site-4ab7d2100cc2,khrb-twbs-lqdym-4ab7d2,خربة طوباس القديمة,map,,,,,,,,,,,,,,,,,,,pending,,,
,site-4ab7d2100cc2,khrb-twbs-lqdym-4ab7d2,خربة طوباس القديمة,document_thumbnail,,,,,,,,,,,,,,,,,,,pending,,,
,site-bc56c2f93d66,yn-lfr-bc56c2,عين الفارعة,hero,,,,,,,,,,,,,,,,,,,pending,,,
,site-bc56c2f93d66,yn-lfr-bc56c2,عين الفارعة,gallery,,,,,,,,,,,,,,,,,,,pending,,,
,site-bc56c2f93d66,yn-lfr-bc56c2,عين الفارعة,map,,,,,,,,,,,,,,,,,,,pending,,,
,site-bc56c2f93d66,yn-lfr-bc56c2,عين الفارعة,document_thumbnail,,,,,,,,,,,,,,,,,,,pending,,,
,site-a86fc049d470,tl-lsltn-ryh-lqdym-a86fc0,تل السلطان (أريحا القديمة),hero,,,,,,,,,,,,,,,,,,,pending,,,
,site-a86fc049d470,tl-lsltn-ryh-lqdym-a86fc0,تل السلطان (أريحا القديمة),gallery,,,,,,,,,,,,,,,,,,,pending,,,
,site-a86fc049d470,tl-lsltn-ryh-lqdym-a86fc0,تل السلطان (أريحا القديمة),map,,,,,,,,,,,,,,,,,,,pending,,,
,site-a86fc049d470,tl-lsltn-ryh-lqdym-a86fc0,تل السلطان (أريحا القديمة),document_thumbnail,,,,,,,,,,,,,,,,,,,pending,,,
,site-cc4465115964,dyr-qrntl-cc4465,دير قرنطل,hero,,,,,,,,,,,,,,,,,,,pending,,,
,site-cc4465115964,dyr-qrntl-cc4465,دير قرنطل,gallery,,,,,,,,,,,,,,,,,,,pending,,,
,site-cc4465115964,dyr-qrntl-cc4465,دير قرنطل,map,,,,,,,,,,,,,,,,,,,pending,,,
,site-cc4465115964,dyr-qrntl-cc4465,دير قرنطل,document_thumbnail,,,,,,,,,,,,,,,,,,,pending,,,
,site-b5f00132ee24,yn-lsltn-b5f001,عين السلطان,hero,,,,,,,,,,,,,,,,,,,pending,,,
,site-b5f00132ee24,yn-lsltn-b5f001,عين السلطان,gallery,,,,,,,,,,,,,,,,,,,pending,,,
,site-b5f00132ee24,yn-lsltn-b5f001,عين السلطان,map,,,,,,,,,,,,,,,,,,,pending,,,
,site-b5f00132ee24,yn-lsltn-b5f001,عين السلطان,document_thumbnail,,,,,,,,,,,,,,,,,,,pending,,,
,site-ce23c41d7641,qbr-lnby-mws-ce23c4,قبر النبي موسى,hero,,,,,,,,,,,,,,,,,,,pending,,,
,site-ce23c41d7641,qbr-lnby-mws-ce23c4,قبر النبي موسى,gallery,,,,,,,,,,,,,,,,,,,pending,,,
,site-ce23c41d7641,qbr-lnby-mws-ce23c4,قبر النبي موسى,map,,,,,,,,,,,,,,,,,,,pending,,,
,site-ce23c41d7641,qbr-lnby-mws-ce23c4,قبر النبي موسى,document_thumbnail,,,,,,,,,,,,,,,,,,,pending,,,
,site-0285c869e647,qsr-hshm-khrb-lmfjr-0285c8,قصر هشام (خربة المفجر),hero,,,,,,,,,,,,,,,,,,,pending,,,
,site-0285c869e647,qsr-hshm-khrb-lmfjr-0285c8,قصر هشام (خربة المفجر),gallery,,,,,,,,,,,,,,,,,,,pending,,,
,site-0285c869e647,qsr-hshm-khrb-lmfjr-0285c8,قصر هشام (خربة المفجر),map,,,,,,,,,,,,,,,,,,,pending,,,
,site-0285c869e647,qsr-hshm-khrb-lmfjr-0285c8,قصر هشام (خربة المفجر),document_thumbnail,,,,,,,,,,,,,,,,,,,pending,,,
,site-7551f628d089,qn-wdy-lqlt-7551f6,قناة وادي القلط,hero,,,,,,,,,,,,,,,,,,,pending,,,
,site-7551f628d089,qn-wdy-lqlt-7551f6,قناة وادي القلط,gallery,,,,,,,,,,,,,,,,,,,pending,,,
,site-7551f628d089,qn-wdy-lqlt-7551f6,قناة وادي القلط,map,,,,,,,,,,,,,,,,,,,pending,,,
,site-7551f628d089,qn-wdy-lqlt-7551f6,قناة وادي القلط,document_thumbnail,,,,,,,,,,,,,,,,,,,pending,,,
,site-c4d8c9fdd1f0,mqm-lnby-mws-c4d8c9,مقام النبي موسى,hero,,,,,,,,,,,,,,,,,,,pending,,,
,site-c4d8c9fdd1f0,mqm-lnby-mws-c4d8c9,مقام النبي موسى,gallery,,,,,,,,,,,,,,,,,,,pending,,,
,site-c4d8c9fdd1f0,mqm-lnby-mws-c4d8c9,مقام النبي موسى,map,,,,,,,,,,,,,,,,,,,pending,,,
,site-c4d8c9fdd1f0,mqm-lnby-mws-c4d8c9,مقام النبي موسى,document_thumbnail,,,,,,,,,,,,,,,,,,,pending,,,
,site-2e45744cdab4,lmsjd-l-mry-lkbyr-2e4574,المسجد العمري الكبير,hero,,,,,,,,,,,,,,,,,,,pending,,,
,site-2e45744cdab4,lmsjd-l-mry-lkbyr-2e4574,المسجد العمري الكبير,gallery,,,,,,,,,,,,,,,,,,,pending,,,
,site-2e45744cdab4,lmsjd-l-mry-lkbyr-2e4574,المسجد العمري الكبير,map,,,,,,,,,,,,,,,,,,,pending,,,
,site-2e45744cdab4,lmsjd-l-mry-lkbyr-2e4574,المسجد العمري الكبير,document_thumbnail,,,,,,,,,,,,,,,,,,,pending,,,
,site-21150eefdea6,tl-l-jwl-mdyn-gz-lqdym-21150e,تل العجول,hero,,,,,,,,,,,,,,,,,,,pending,,,
,site-21150eefdea6,tl-l-jwl-mdyn-gz-lqdym-21150e,تل العجول,gallery,,,,,,,,,,,,,,,,,,,pending,,,
,site-21150eefdea6,tl-l-jwl-mdyn-gz-lqdym-21150e,تل العجول,map,,,,,,,,,,,,,,,,,,,pending,,,
,site-21150eefdea6,tl-l-jwl-mdyn-gz-lqdym-21150e,تل العجول,document_thumbnail,,,,,,,,,,,,,,,,,,,pending,,,
,site-3ded44be126d,hmm-lsmr-3ded44,حمام السمرة,hero,,,,,,,,,,,,,,,,,,,pending,,,
,site-3ded44be126d,hmm-lsmr-3ded44,حمام السمرة,gallery,,,,,,,,,,,,,,,,,,,pending,,,
,site-3ded44be126d,hmm-lsmr-3ded44,حمام السمرة,map,,,,,,,,,,,,,,,,,,,pending,,,
,site-3ded44be126d,hmm-lsmr-3ded44,حمام السمرة,document_thumbnail,,,,,,,,,,,,,,,,,,,pending,,,
,site-5e98cf44d976,ql-brqwq-5e98cf,قلعة برقوق,hero,,,,,,,,,,,,,,,,,,,pending,,,
,site-5e98cf44d976,ql-brqwq-5e98cf,قلعة برقوق,gallery,,,,,,,,,,,,,,,,,,,pending,,,
,site-5e98cf44d976,ql-brqwq-5e98cf,قلعة برقوق,map,,,,,,,,,,,,,,,,,,,pending,,,
,site-5e98cf44d976,ql-brqwq-5e98cf,قلعة برقوق,document_thumbnail,,,,,,,,,,,,,,,,,,,pending,,,
,site-e1e3de7b8519,knys-lqdys-brfyryws-e1e3de,كنيسة القديس برفيريوس,hero,,,,,,,,,,,,,,,,,,,pending,,,
,site-e1e3de7b8519,knys-lqdys-brfyryws-e1e3de,كنيسة القديس برفيريوس,gallery,,,,,,,,,,,,,,,,,,,pending,,,
,site-e1e3de7b8519,knys-lqdys-brfyryws-e1e3de,كنيسة القديس برفيريوس,map,,,,,,,,,,,,,,,,,,,pending,,,
,site-e1e3de7b8519,knys-lqdys-brfyryws-e1e3de,كنيسة القديس برفيريوس,document_thumbnail,,,,,,,,,,,,,,,,,,,pending,,,
,site-015f495c4236,mdyn-gz-lqdym-015f49,مدينة غزة القديمة,hero,,,,,,,,,,,,,,,,,,,pending,,,
,site-015f495c4236,mdyn-gz-lqdym-015f49,مدينة غزة القديمة,gallery,,,,,,,,,,,,,,,,,,,pending,,,
,site-015f495c4236,mdyn-gz-lqdym-015f49,مدينة غزة القديمة,map,,,,,,,,,,,,,,,,,,,pending,,,
,site-015f495c4236,mdyn-gz-lqdym-015f49,مدينة غزة القديمة,document_thumbnail,,,,,,,,,,,,,,,,,,,pending,,,
,site-a77381cd3cae,mqm-lshykh-rdwn-a77381,مقام الشيخ رضوان,hero,,,,,,,,,,,,,,,,,,,pending,,,
,site-a77381cd3cae,mqm-lshykh-rdwn-a77381,مقام الشيخ رضوان,gallery,,,,,,,,,,,,,,,,,,,pending,,,
,site-a77381cd3cae,mqm-lshykh-rdwn-a77381,مقام الشيخ رضوان,map,,,,,,,,,,,,,,,,,,,pending,,,
,site-a77381cd3cae,mqm-lshykh-rdwn-a77381,مقام الشيخ رضوان,document_thumbnail,,,,,,,,,,,,,,,,,,,pending,,,
,site-99f520b3d607,myn-gz-lqdym-l-nt-99f520,ميناء غزة القديم (الأنطة),hero,,,,,,,,,,,,,,,,,,,pending,,,
,site-99f520b3d607,myn-gz-lqdym-l-nt-99f520,ميناء غزة القديم (الأنطة),gallery,,,,,,,,,,,,,,,,,,,pending,,,
,site-99f520b3d607,myn-gz-lqdym-l-nt-99f520,ميناء غزة القديم (الأنطة),map,,,,,,,,,,,,,,,,,,,pending,,,
,site-99f520b3d607,myn-gz-lqdym-l-nt-99f520,ميناء غزة القديم (الأنطة),document_thumbnail,,,,,,,,,,,,,,,,,,,pending,,,
,site-0a78d22c1a69,khn-ywns-lqdym-0a78d2,خان يونس القديم,hero,,,,,,,,,,,,,,,,,,,pending,,,
,site-0a78d22c1a69,khn-ywns-lqdym-0a78d2,خان يونس القديم,gallery,,,,,,,,,,,,,,,,,,,pending,,,
,site-0a78d22c1a69,khn-ywns-lqdym-0a78d2,خان يونس القديم,map,,,,,,,,,,,,,,,,,,,pending,,,
,site-0a78d22c1a69,khn-ywns-lqdym-0a78d2,خان يونس القديم,document_thumbnail,,,,,,,,,,,,,,,,,,,pending,,,
,site-ee0e5bf1f753,rfh-ltrykhy-ee0e5b,رفح التاريخية,hero,,,,,,,,,,,,,,,,,,,pending,,,
,site-ee0e5bf1f753,rfh-ltrykhy-ee0e5b,رفح التاريخية,gallery,,,,,,,,,,,,,,,,,,,pending,,,
,site-ee0e5bf1f753,rfh-ltrykhy-ee0e5b,رفح التاريخية,map,,,,,,,,,,,,,,,,,,,pending,,,
,site-ee0e5bf1f753,rfh-ltrykhy-ee0e5b,رفح التاريخية,document_thumbnail,,,,,,,,,,,,,,,,,,,pending,,,
